Folder Name,Image Filename,Image Path
Bacterial diseases - Aeromoniasis,Bacterial diseases - Aeromoniasis (1).jpeg,SB-FishDisease\Bacterial diseases - Aeromoniasis\Bacterial diseases - Aeromoniasis (1).jpeg
Bacterial diseases - Aeromoniasis,Bacterial diseases - Aeromoniasis (1).jpg,SB-FishDisease\Bacterial diseases - Aeromoniasis\Bacterial diseases - Aeromoniasis (1).jpg
Bacterial diseases - Aeromoniasis,Bacterial diseases - Aeromoniasis (1).png,SB-FishDisease\Bacterial diseases - Aeromoniasis\Bacterial diseases - Aeromoniasis (1).png
Bacterial diseases - Aeromoniasis,Bacterial diseases - Aeromoniasis (10).jpg,SB-FishDisease\Bacterial diseases - Aeromoniasis\Bacterial diseases - Aeromoniasis (10).jpg
Bacterial diseases - Aeromoniasis,Bacterial diseases - Aeromoniasis (11).jpg,SB-FishDisease\Bacterial diseases - Aeromoniasis\Bacterial diseases - Aeromoniasis (11).jpg
Bacterial diseases - Aeromoniasis,Bacterial diseases - Aeromoniasis (12).jpg,SB-FishDisease\Bacterial diseases - Aeromoniasis\Bacterial diseases - Aeromoniasis (12).jpg
Bacterial diseases - Aeromoniasis,Bacterial diseases - Aeromoniasis (13).jpg,SB-FishDisease\Bacterial diseases - Aeromoniasis\Bacterial diseases - Aeromoniasis (13).jpg
Bacterial diseases - Aeromoniasis,Bacterial diseases - Aeromoniasis (14).jpg,SB-FishDisease\Bacterial diseases - Aeromoniasis\Bacterial diseases - Aeromoniasis (14).jpg
Bacterial diseases - Aeromoniasis,Bacterial diseases - Aeromoniasis (15).jpg,SB-FishDisease\Bacterial diseases - Aeromoniasis\Bacterial diseases - Aeromoniasis (15).jpg
Bacterial diseases - Aeromoniasis,Bacterial diseases - Aeromoniasis (16).jpg,SB-FishDisease\Bacterial diseases - Aeromoniasis\Bacterial diseases - Aeromoniasis (16).jpg
Bacterial diseases - Aeromoniasis,Bacterial diseases - Aeromoniasis (17).jpg,SB-FishDisease\Bacterial diseases - Aeromoniasis\Bacterial diseases - Aeromoniasis (17).jpg
Bacterial diseases - Aeromoniasis,Bacterial diseases - Aeromoniasis (18).jpg,SB-FishDisease\Bacterial diseases - Aeromoniasis\Bacterial diseases - Aeromoniasis (18).jpg
Bacterial diseases - Aeromoniasis,Bacterial diseases - Aeromoniasis (19).jpg,SB-FishDisease\Bacterial diseases - Aeromoniasis\Bacterial diseases - Aeromoniasis (19).jpg
Bacterial diseases - Aeromoniasis,Bacterial diseases - Aeromoniasis (2).jpeg,SB-FishDisease\Bacterial diseases - Aeromoniasis\Bacterial diseases - Aeromoniasis (2).jpeg
Bacterial diseases - Aeromoniasis,Bacterial diseases - Aeromoniasis (2).jpg,SB-FishDisease\Bacterial diseases - Aeromoniasis\Bacterial diseases - Aeromoniasis (2).jpg
Bacterial diseases - Aeromoniasis,Bacterial diseases - Aeromoniasis (2).png,SB-FishDisease\Bacterial diseases - Aeromoniasis\Bacterial diseases - Aeromoniasis (2).png
Bacterial diseases - Aeromoniasis,Bacterial diseases - Aeromoniasis (20).jpg,SB-FishDisease\Bacterial diseases - Aeromoniasis\Bacterial diseases - Aeromoniasis (20).jpg
Bacterial diseases - Aeromoniasis,Bacterial diseases - Aeromoniasis (21).jpg,SB-FishDisease\Bacterial diseases - Aeromoniasis\Bacterial diseases - Aeromoniasis (21).jpg
Bacterial diseases - Aeromoniasis,Bacterial diseases - Aeromoniasis (22).jpg,SB-FishDisease\Bacterial diseases - Aeromoniasis\Bacterial diseases - Aeromoniasis (22).jpg
Bacterial diseases - Aeromoniasis,Bacterial diseases - Aeromoniasis (23).jpg,SB-FishDisease\Bacterial diseases - Aeromoniasis\Bacterial diseases - Aeromoniasis (23).jpg
Bacterial diseases - Aeromoniasis,Bacterial diseases - Aeromoniasis (24).jpg,SB-FishDisease\Bacterial diseases - Aeromoniasis\Bacterial diseases - Aeromoniasis (24).jpg
Bacterial diseases - Aeromoniasis,Bacterial diseases - Aeromoniasis (25).jpg,SB-FishDisease\Bacterial diseases - Aeromoniasis\Bacterial diseases - Aeromoniasis (25).jpg
Bacterial diseases - Aeromoniasis,Bacterial diseases - Aeromoniasis (26).jpg,SB-FishDisease\Bacterial diseases - Aeromoniasis\Bacterial diseases - Aeromoniasis (26).jpg
Bacterial diseases - Aeromoniasis,Bacterial diseases - Aeromoniasis (27).jpg,SB-FishDisease\Bacterial diseases - Aeromoniasis\Bacterial diseases - Aeromoniasis (27).jpg
Bacterial diseases - Aeromoniasis,Bacterial diseases - Aeromoniasis (28).jpg,SB-FishDisease\Bacterial diseases - Aeromoniasis\Bacterial diseases - Aeromoniasis (28).jpg
Bacterial diseases - Aeromoniasis,Bacterial diseases - Aeromoniasis (29).jpg,SB-FishDisease\Bacterial diseases - Aeromoniasis\Bacterial diseases - Aeromoniasis (29).jpg
Bacterial diseases - Aeromoniasis,Bacterial diseases - Aeromoniasis (3).jpeg,SB-FishDisease\Bacterial diseases - Aeromoniasis\Bacterial diseases - Aeromoniasis (3).jpeg
Bacterial diseases - Aeromoniasis,Bacterial diseases - Aeromoniasis (3).jpg,SB-FishDisease\Bacterial diseases - Aeromoniasis\Bacterial diseases - Aeromoniasis (3).jpg
Bacterial diseases - Aeromoniasis,Bacterial diseases - Aeromoniasis (3).png,SB-FishDisease\Bacterial diseases - Aeromoniasis\Bacterial diseases - Aeromoniasis (3).png
Bacterial diseases - Aeromoniasis,Bacterial diseases - Aeromoniasis (30).jpg,SB-FishDisease\Bacterial diseases - Aeromoniasis\Bacterial diseases - Aeromoniasis (30).jpg
Bacterial diseases - Aeromoniasis,Bacterial diseases - Aeromoniasis (31).jpg,SB-FishDisease\Bacterial diseases - Aeromoniasis\Bacterial diseases - Aeromoniasis (31).jpg
Bacterial diseases - Aeromoniasis,Bacterial diseases - Aeromoniasis (32).jpg,SB-FishDisease\Bacterial diseases - Aeromoniasis\Bacterial diseases - Aeromoniasis (32).jpg
Bacterial diseases - Aeromoniasis,Bacterial diseases - Aeromoniasis (33).jpg,SB-FishDisease\Bacterial diseases - Aeromoniasis\Bacterial diseases - Aeromoniasis (33).jpg
Bacterial diseases - Aeromoniasis,Bacterial diseases - Aeromoniasis (34).jpg,SB-FishDisease\Bacterial diseases - Aeromoniasis\Bacterial diseases - Aeromoniasis (34).jpg
Bacterial diseases - Aeromoniasis,Bacterial diseases - Aeromoniasis (35).jpg,SB-FishDisease\Bacterial diseases - Aeromoniasis\Bacterial diseases - Aeromoniasis (35).jpg
Bacterial diseases - Aeromoniasis,Bacterial diseases - Aeromoniasis (36).jpg,SB-FishDisease\Bacterial diseases - Aeromoniasis\Bacterial diseases - Aeromoniasis (36).jpg
Bacterial diseases - Aeromoniasis,Bacterial diseases - Aeromoniasis (37).jpg,SB-FishDisease\Bacterial diseases - Aeromoniasis\Bacterial diseases - Aeromoniasis (37).jpg
Bacterial diseases - Aeromoniasis,Bacterial diseases - Aeromoniasis (38).jpg,SB-FishDisease\Bacterial diseases - Aeromoniasis\Bacterial diseases - Aeromoniasis (38).jpg
Bacterial diseases - Aeromoniasis,Bacterial diseases - Aeromoniasis (39).jpg,SB-FishDisease\Bacterial diseases - Aeromoniasis\Bacterial diseases - Aeromoniasis (39).jpg
Bacterial diseases - Aeromoniasis,Bacterial diseases - Aeromoniasis (4).jpeg,SB-FishDisease\Bacterial diseases - Aeromoniasis\Bacterial diseases - Aeromoniasis (4).jpeg
Bacterial diseases - Aeromoniasis,Bacterial diseases - Aeromoniasis (4).jpg,SB-FishDisease\Bacterial diseases - Aeromoniasis\Bacterial diseases - Aeromoniasis (4).jpg
Bacterial diseases - Aeromoniasis,Bacterial diseases - Aeromoniasis (40).jpg,SB-FishDisease\Bacterial diseases - Aeromoniasis\Bacterial diseases - Aeromoniasis (40).jpg
Bacterial diseases - Aeromoniasis,Bacterial diseases - Aeromoniasis (5).jpeg,SB-FishDisease\Bacterial diseases - Aeromoniasis\Bacterial diseases - Aeromoniasis (5).jpeg
Bacterial diseases - Aeromoniasis,Bacterial diseases - Aeromoniasis (5).jpg,SB-FishDisease\Bacterial diseases - Aeromoniasis\Bacterial diseases - Aeromoniasis (5).jpg
Bacterial diseases - Aeromoniasis,Bacterial diseases - Aeromoniasis (6).jpeg,SB-FishDisease\Bacterial diseases - Aeromoniasis\Bacterial diseases - Aeromoniasis (6).jpeg
Bacterial diseases - Aeromoniasis,Bacterial diseases - Aeromoniasis (6).jpg,SB-FishDisease\Bacterial diseases - Aeromoniasis\Bacterial diseases - Aeromoniasis (6).jpg
Bacterial diseases - Aeromoniasis,Bacterial diseases - Aeromoniasis (7).jpeg,SB-FishDisease\Bacterial diseases - Aeromoniasis\Bacterial diseases - Aeromoniasis (7).jpeg
Bacterial diseases - Aeromoniasis,Bacterial diseases - Aeromoniasis (7).jpg,SB-FishDisease\Bacterial diseases - Aeromoniasis\Bacterial diseases - Aeromoniasis (7).jpg
Bacterial diseases - Aeromoniasis,Bacterial diseases - Aeromoniasis (8).jpeg,SB-FishDisease\Bacterial diseases - Aeromoniasis\Bacterial diseases - Aeromoniasis (8).jpeg
Bacterial diseases - Aeromoniasis,Bacterial diseases - Aeromoniasis (8).jpg,SB-FishDisease\Bacterial diseases - Aeromoniasis\Bacterial diseases - Aeromoniasis (8).jpg
Bacterial diseases - Aeromoniasis,Bacterial diseases - Aeromoniasis (9).jpg,SB-FishDisease\Bacterial diseases - Aeromoniasis\Bacterial diseases - Aeromoniasis (9).jpg
Bacterial gill disease,Bacterial gill disease (1).jpeg,SB-FishDisease\Bacterial gill disease\Bacterial gill disease (1).jpeg
Bacterial gill disease,Bacterial gill disease (1).jpg,SB-FishDisease\Bacterial gill disease\Bacterial gill disease (1).jpg
Bacterial gill disease,Bacterial gill disease (1).png,SB-FishDisease\Bacterial gill disease\Bacterial gill disease (1).png
Bacterial gill disease,Bacterial gill disease (10).jpeg,SB-FishDisease\Bacterial gill disease\Bacterial gill disease (10).jpeg
Bacterial gill disease,Bacterial gill disease (10).jpg,SB-FishDisease\Bacterial gill disease\Bacterial gill disease (10).jpg
Bacterial gill disease,Bacterial gill disease (11).jpeg,SB-FishDisease\Bacterial gill disease\Bacterial gill disease (11).jpeg
Bacterial gill disease,Bacterial gill disease (11).jpg,SB-FishDisease\Bacterial gill disease\Bacterial gill disease (11).jpg
Bacterial gill disease,Bacterial gill disease (12).jpeg,SB-FishDisease\Bacterial gill disease\Bacterial gill disease (12).jpeg
Bacterial gill disease,Bacterial gill disease (12).jpg,SB-FishDisease\Bacterial gill disease\Bacterial gill disease (12).jpg
Bacterial gill disease,Bacterial gill disease (13).jpeg,SB-FishDisease\Bacterial gill disease\Bacterial gill disease (13).jpeg
Bacterial gill disease,Bacterial gill disease (13).jpg,SB-FishDisease\Bacterial gill disease\Bacterial gill disease (13).jpg
Bacterial gill disease,Bacterial gill disease (14).jpeg,SB-FishDisease\Bacterial gill disease\Bacterial gill disease (14).jpeg
Bacterial gill disease,Bacterial gill disease (14).jpg,SB-FishDisease\Bacterial gill disease\Bacterial gill disease (14).jpg
Bacterial gill disease,Bacterial gill disease (15).jpeg,SB-FishDisease\Bacterial gill disease\Bacterial gill disease (15).jpeg
Bacterial gill disease,Bacterial gill disease (15).jpg,SB-FishDisease\Bacterial gill disease\Bacterial gill disease (15).jpg
Bacterial gill disease,Bacterial gill disease (16).jpg,SB-FishDisease\Bacterial gill disease\Bacterial gill disease (16).jpg
Bacterial gill disease,Bacterial gill disease (17).jpeg,SB-FishDisease\Bacterial gill disease\Bacterial gill disease (17).jpeg
Bacterial gill disease,Bacterial gill disease (17).jpg,SB-FishDisease\Bacterial gill disease\Bacterial gill disease (17).jpg
Bacterial gill disease,Bacterial gill disease (18).jpg,SB-FishDisease\Bacterial gill disease\Bacterial gill disease (18).jpg
Bacterial gill disease,Bacterial gill disease (19).jpg,SB-FishDisease\Bacterial gill disease\Bacterial gill disease (19).jpg
Bacterial gill disease,Bacterial gill disease (2).jpeg,SB-FishDisease\Bacterial gill disease\Bacterial gill disease (2).jpeg
Bacterial gill disease,Bacterial gill disease (2).jpg,SB-FishDisease\Bacterial gill disease\Bacterial gill disease (2).jpg
Bacterial gill disease,Bacterial gill disease (2).png,SB-FishDisease\Bacterial gill disease\Bacterial gill disease (2).png
Bacterial gill disease,Bacterial gill disease (20).jpg,SB-FishDisease\Bacterial gill disease\Bacterial gill disease (20).jpg
Bacterial gill disease,Bacterial gill disease (21).jpg,SB-FishDisease\Bacterial gill disease\Bacterial gill disease (21).jpg
Bacterial gill disease,Bacterial gill disease (22).jpg,SB-FishDisease\Bacterial gill disease\Bacterial gill disease (22).jpg
Bacterial gill disease,Bacterial gill disease (23).jpg,SB-FishDisease\Bacterial gill disease\Bacterial gill disease (23).jpg
Bacterial gill disease,Bacterial gill disease (24).jpg,SB-FishDisease\Bacterial gill disease\Bacterial gill disease (24).jpg
Bacterial gill disease,Bacterial gill disease (25).jpg,SB-FishDisease\Bacterial gill disease\Bacterial gill disease (25).jpg
Bacterial gill disease,Bacterial gill disease (26).jpg,SB-FishDisease\Bacterial gill disease\Bacterial gill disease (26).jpg
Bacterial gill disease,Bacterial gill disease (27).jpg,SB-FishDisease\Bacterial gill disease\Bacterial gill disease (27).jpg
Bacterial gill disease,Bacterial gill disease (28).jpg,SB-FishDisease\Bacterial gill disease\Bacterial gill disease (28).jpg
Bacterial gill disease,Bacterial gill disease (29).jpg,SB-FishDisease\Bacterial gill disease\Bacterial gill disease (29).jpg
Bacterial gill disease,Bacterial gill disease (3).jpeg,SB-FishDisease\Bacterial gill disease\Bacterial gill disease (3).jpeg
Bacterial gill disease,Bacterial gill disease (3).jpg,SB-FishDisease\Bacterial gill disease\Bacterial gill disease (3).jpg
Bacterial gill disease,Bacterial gill disease (3).png,SB-FishDisease\Bacterial gill disease\Bacterial gill disease (3).png
Bacterial gill disease,Bacterial gill disease (30).jpg,SB-FishDisease\Bacterial gill disease\Bacterial gill disease (30).jpg
Bacterial gill disease,Bacterial gill disease (31).jpg,SB-FishDisease\Bacterial gill disease\Bacterial gill disease (31).jpg
Bacterial gill disease,Bacterial gill disease (32).jpg,SB-FishDisease\Bacterial gill disease\Bacterial gill disease (32).jpg
Bacterial gill disease,Bacterial gill disease (33).jpg,SB-FishDisease\Bacterial gill disease\Bacterial gill disease (33).jpg
Bacterial gill disease,Bacterial gill disease (34).jpg,SB-FishDisease\Bacterial gill disease\Bacterial gill disease (34).jpg
Bacterial gill disease,Bacterial gill disease (35).jpg,SB-FishDisease\Bacterial gill disease\Bacterial gill disease (35).jpg
Bacterial gill disease,Bacterial gill disease (37).jpg,SB-FishDisease\Bacterial gill disease\Bacterial gill disease (37).jpg
Bacterial gill disease,Bacterial gill disease (4).jpeg,SB-FishDisease\Bacterial gill disease\Bacterial gill disease (4).jpeg
Bacterial gill disease,Bacterial gill disease (4).jpg,SB-FishDisease\Bacterial gill disease\Bacterial gill disease (4).jpg
Bacterial gill disease,Bacterial gill disease (4).png,SB-FishDisease\Bacterial gill disease\Bacterial gill disease (4).png
Bacterial gill disease,Bacterial gill disease (5).jpeg,SB-FishDisease\Bacterial gill disease\Bacterial gill disease (5).jpeg
Bacterial gill disease,Bacterial gill disease (5).jpg,SB-FishDisease\Bacterial gill disease\Bacterial gill disease (5).jpg
Bacterial gill disease,Bacterial gill disease (5).png,SB-FishDisease\Bacterial gill disease\Bacterial gill disease (5).png
Bacterial gill disease,Bacterial gill disease (6).jpeg,SB-FishDisease\Bacterial gill disease\Bacterial gill disease (6).jpeg
Bacterial gill disease,Bacterial gill disease (6).jpg,SB-FishDisease\Bacterial gill disease\Bacterial gill disease (6).jpg
Bacterial gill disease,Bacterial gill disease (7).jpeg,SB-FishDisease\Bacterial gill disease\Bacterial gill disease (7).jpeg
Bacterial gill disease,Bacterial gill disease (7).jpg,SB-FishDisease\Bacterial gill disease\Bacterial gill disease (7).jpg
Bacterial gill disease,Bacterial gill disease (7).png,SB-FishDisease\Bacterial gill disease\Bacterial gill disease (7).png
Bacterial gill disease,Bacterial gill disease (8).jpeg,SB-FishDisease\Bacterial gill disease\Bacterial gill disease (8).jpeg
Bacterial gill disease,Bacterial gill disease (8).jpg,SB-FishDisease\Bacterial gill disease\Bacterial gill disease (8).jpg
Bacterial gill disease,Bacterial gill disease (9).jpeg,SB-FishDisease\Bacterial gill disease\Bacterial gill disease (9).jpeg
Bacterial gill disease,Bacterial gill disease (9).jpg,SB-FishDisease\Bacterial gill disease\Bacterial gill disease (9).jpg
Bacterial Red disease,Bacterial Red disease (1).jpeg,SB-FishDisease\Bacterial Red disease\Bacterial Red disease (1).jpeg
Bacterial Red disease,Bacterial Red disease (1).jpg,SB-FishDisease\Bacterial Red disease\Bacterial Red disease (1).jpg
Bacterial Red disease,Bacterial Red disease (1).png,SB-FishDisease\Bacterial Red disease\Bacterial Red disease (1).png
Bacterial Red disease,Bacterial Red disease (10).jpg,SB-FishDisease\Bacterial Red disease\Bacterial Red disease (10).jpg
Bacterial Red disease,Bacterial Red disease (11).jpg,SB-FishDisease\Bacterial Red disease\Bacterial Red disease (11).jpg
Bacterial Red disease,Bacterial Red disease (12).jpg,SB-FishDisease\Bacterial Red disease\Bacterial Red disease (12).jpg
Bacterial Red disease,Bacterial Red disease (13).jpg,SB-FishDisease\Bacterial Red disease\Bacterial Red disease (13).jpg
Bacterial Red disease,Bacterial Red disease (14).jpg,SB-FishDisease\Bacterial Red disease\Bacterial Red disease (14).jpg
Bacterial Red disease,Bacterial Red disease (15).jpg,SB-FishDisease\Bacterial Red disease\Bacterial Red disease (15).jpg
Bacterial Red disease,Bacterial Red disease (16).jpg,SB-FishDisease\Bacterial Red disease\Bacterial Red disease (16).jpg
Bacterial Red disease,Bacterial Red disease (17).jpg,SB-FishDisease\Bacterial Red disease\Bacterial Red disease (17).jpg
Bacterial Red disease,Bacterial Red disease (18).jpg,SB-FishDisease\Bacterial Red disease\Bacterial Red disease (18).jpg
Bacterial Red disease,Bacterial Red disease (19).jpg,SB-FishDisease\Bacterial Red disease\Bacterial Red disease (19).jpg
Bacterial Red disease,Bacterial Red disease (2).jpeg,SB-FishDisease\Bacterial Red disease\Bacterial Red disease (2).jpeg
Bacterial Red disease,Bacterial Red disease (2).jpg,SB-FishDisease\Bacterial Red disease\Bacterial Red disease (2).jpg
Bacterial Red disease,Bacterial Red disease (2).png,SB-FishDisease\Bacterial Red disease\Bacterial Red disease (2).png
Bacterial Red disease,Bacterial Red disease (20).jpg,SB-FishDisease\Bacterial Red disease\Bacterial Red disease (20).jpg
Bacterial Red disease,Bacterial Red disease (21).jpg,SB-FishDisease\Bacterial Red disease\Bacterial Red disease (21).jpg
Bacterial Red disease,Bacterial Red disease (22).jpg,SB-FishDisease\Bacterial Red disease\Bacterial Red disease (22).jpg
Bacterial Red disease,Bacterial Red disease (23).jpg,SB-FishDisease\Bacterial Red disease\Bacterial Red disease (23).jpg
Bacterial Red disease,Bacterial Red disease (24).jpg,SB-FishDisease\Bacterial Red disease\Bacterial Red disease (24).jpg
Bacterial Red disease,Bacterial Red disease (25).jpg,SB-FishDisease\Bacterial Red disease\Bacterial Red disease (25).jpg
Bacterial Red disease,Bacterial Red disease (26).jpg,SB-FishDisease\Bacterial Red disease\Bacterial Red disease (26).jpg
Bacterial Red disease,Bacterial Red disease (27).jpg,SB-FishDisease\Bacterial Red disease\Bacterial Red disease (27).jpg
Bacterial Red disease,Bacterial Red disease (28).jpg,SB-FishDisease\Bacterial Red disease\Bacterial Red disease (28).jpg
Bacterial Red disease,Bacterial Red disease (29).jpg,SB-FishDisease\Bacterial Red disease\Bacterial Red disease (29).jpg
Bacterial Red disease,Bacterial Red disease (3).jpeg,SB-FishDisease\Bacterial Red disease\Bacterial Red disease (3).jpeg
Bacterial Red disease,Bacterial Red disease (3).jpg,SB-FishDisease\Bacterial Red disease\Bacterial Red disease (3).jpg
Bacterial Red disease,Bacterial Red disease (3).png,SB-FishDisease\Bacterial Red disease\Bacterial Red disease (3).png
Bacterial Red disease,Bacterial Red disease (30).jpg,SB-FishDisease\Bacterial Red disease\Bacterial Red disease (30).jpg
Bacterial Red disease,Bacterial Red disease (31).jpg,SB-FishDisease\Bacterial Red disease\Bacterial Red disease (31).jpg
Bacterial Red disease,Bacterial Red disease (32).jpg,SB-FishDisease\Bacterial Red disease\Bacterial Red disease (32).jpg
Bacterial Red disease,Bacterial Red disease (33).jpg,SB-FishDisease\Bacterial Red disease\Bacterial Red disease (33).jpg
Bacterial Red disease,Bacterial Red disease (34).jpg,SB-FishDisease\Bacterial Red disease\Bacterial Red disease (34).jpg
Bacterial Red disease,Bacterial Red disease (35).jpg,SB-FishDisease\Bacterial Red disease\Bacterial Red disease (35).jpg
Bacterial Red disease,Bacterial Red disease (36).jpg,SB-FishDisease\Bacterial Red disease\Bacterial Red disease (36).jpg
Bacterial Red disease,Bacterial Red disease (37).jpg,SB-FishDisease\Bacterial Red disease\Bacterial Red disease (37).jpg
Bacterial Red disease,Bacterial Red disease (38).jpg,SB-FishDisease\Bacterial Red disease\Bacterial Red disease (38).jpg
Bacterial Red disease,Bacterial Red disease (39).jpg,SB-FishDisease\Bacterial Red disease\Bacterial Red disease (39).jpg
Bacterial Red disease,Bacterial Red disease (4).jpeg,SB-FishDisease\Bacterial Red disease\Bacterial Red disease (4).jpeg
Bacterial Red disease,Bacterial Red disease (4).jpg,SB-FishDisease\Bacterial Red disease\Bacterial Red disease (4).jpg
Bacterial Red disease,Bacterial Red disease (4).png,SB-FishDisease\Bacterial Red disease\Bacterial Red disease (4).png
Bacterial Red disease,Bacterial Red disease (40).jpg,SB-FishDisease\Bacterial Red disease\Bacterial Red disease (40).jpg
Bacterial Red disease,Bacterial Red disease (5).jpeg,SB-FishDisease\Bacterial Red disease\Bacterial Red disease (5).jpeg
Bacterial Red disease,Bacterial Red disease (5).jpg,SB-FishDisease\Bacterial Red disease\Bacterial Red disease (5).jpg
Bacterial Red disease,Bacterial Red disease (5).png,SB-FishDisease\Bacterial Red disease\Bacterial Red disease (5).png
Bacterial Red disease,Bacterial Red disease (6).jpeg,SB-FishDisease\Bacterial Red disease\Bacterial Red disease (6).jpeg
Bacterial Red disease,Bacterial Red disease (6).jpg,SB-FishDisease\Bacterial Red disease\Bacterial Red disease (6).jpg
Bacterial Red disease,Bacterial Red disease (6).png,SB-FishDisease\Bacterial Red disease\Bacterial Red disease (6).png
Bacterial Red disease,Bacterial Red disease (7).jpeg,SB-FishDisease\Bacterial Red disease\Bacterial Red disease (7).jpeg
Bacterial Red disease,Bacterial Red disease (7).jpg,SB-FishDisease\Bacterial Red disease\Bacterial Red disease (7).jpg
Bacterial Red disease,Bacterial Red disease (7).png,SB-FishDisease\Bacterial Red disease\Bacterial Red disease (7).png
Bacterial Red disease,Bacterial Red disease (8).jpeg,SB-FishDisease\Bacterial Red disease\Bacterial Red disease (8).jpeg
Bacterial Red disease,Bacterial Red disease (8).jpg,SB-FishDisease\Bacterial Red disease\Bacterial Red disease (8).jpg
Bacterial Red disease,Bacterial Red disease (9).jpg,SB-FishDisease\Bacterial Red disease\Bacterial Red disease (9).jpg
Fungal diseases Saprolegniasis,Fungal diseases Saprolegniasis (1).jpeg,SB-FishDisease\Fungal diseases Saprolegniasis\Fungal diseases Saprolegniasis (1).jpeg
Fungal diseases Saprolegniasis,Fungal diseases Saprolegniasis (1).jpg,SB-FishDisease\Fungal diseases Saprolegniasis\Fungal diseases Saprolegniasis (1).jpg
Fungal diseases Saprolegniasis,Fungal diseases Saprolegniasis (1).png,SB-FishDisease\Fungal diseases Saprolegniasis\Fungal diseases Saprolegniasis (1).png
Fungal diseases Saprolegniasis,Fungal diseases Saprolegniasis (10).jpeg,SB-FishDisease\Fungal diseases Saprolegniasis\Fungal diseases Saprolegniasis (10).jpeg
Fungal diseases Saprolegniasis,Fungal diseases Saprolegniasis (10).jpg,SB-FishDisease\Fungal diseases Saprolegniasis\Fungal diseases Saprolegniasis (10).jpg
Fungal diseases Saprolegniasis,Fungal diseases Saprolegniasis (11).jpeg,SB-FishDisease\Fungal diseases Saprolegniasis\Fungal diseases Saprolegniasis (11).jpeg
Fungal diseases Saprolegniasis,Fungal diseases Saprolegniasis (11).jpg,SB-FishDisease\Fungal diseases Saprolegniasis\Fungal diseases Saprolegniasis (11).jpg
Fungal diseases Saprolegniasis,Fungal diseases Saprolegniasis (12).jpeg,SB-FishDisease\Fungal diseases Saprolegniasis\Fungal diseases Saprolegniasis (12).jpeg
Fungal diseases Saprolegniasis,Fungal diseases Saprolegniasis (12).jpg,SB-FishDisease\Fungal diseases Saprolegniasis\Fungal diseases Saprolegniasis (12).jpg
Fungal diseases Saprolegniasis,Fungal diseases Saprolegniasis (13).jpeg,SB-FishDisease\Fungal diseases Saprolegniasis\Fungal diseases Saprolegniasis (13).jpeg
Fungal diseases Saprolegniasis,Fungal diseases Saprolegniasis (13).jpg,SB-FishDisease\Fungal diseases Saprolegniasis\Fungal diseases Saprolegniasis (13).jpg
Fungal diseases Saprolegniasis,Fungal diseases Saprolegniasis (14).jpg,SB-FishDisease\Fungal diseases Saprolegniasis\Fungal diseases Saprolegniasis (14).jpg
Fungal diseases Saprolegniasis,Fungal diseases Saprolegniasis (15).jpg,SB-FishDisease\Fungal diseases Saprolegniasis\Fungal diseases Saprolegniasis (15).jpg
Fungal diseases Saprolegniasis,Fungal diseases Saprolegniasis (16).jpg,SB-FishDisease\Fungal diseases Saprolegniasis\Fungal diseases Saprolegniasis (16).jpg
Fungal diseases Saprolegniasis,Fungal diseases Saprolegniasis (17).jpg,SB-FishDisease\Fungal diseases Saprolegniasis\Fungal diseases Saprolegniasis (17).jpg
Fungal diseases Saprolegniasis,Fungal diseases Saprolegniasis (18).jpg,SB-FishDisease\Fungal diseases Saprolegniasis\Fungal diseases Saprolegniasis (18).jpg
Fungal diseases Saprolegniasis,Fungal diseases Saprolegniasis (19).jpg,SB-FishDisease\Fungal diseases Saprolegniasis\Fungal diseases Saprolegniasis (19).jpg
Fungal diseases Saprolegniasis,Fungal diseases Saprolegniasis (2).jpeg,SB-FishDisease\Fungal diseases Saprolegniasis\Fungal diseases Saprolegniasis (2).jpeg
Fungal diseases Saprolegniasis,Fungal diseases Saprolegniasis (2).jpg,SB-FishDisease\Fungal diseases Saprolegniasis\Fungal diseases Saprolegniasis (2).jpg
Fungal diseases Saprolegniasis,Fungal diseases Saprolegniasis (2).png,SB-FishDisease\Fungal diseases Saprolegniasis\Fungal diseases Saprolegniasis (2).png
Fungal diseases Saprolegniasis,Fungal diseases Saprolegniasis (20).jpg,SB-FishDisease\Fungal diseases Saprolegniasis\Fungal diseases Saprolegniasis (20).jpg
Fungal diseases Saprolegniasis,Fungal diseases Saprolegniasis (21).jpg,SB-FishDisease\Fungal diseases Saprolegniasis\Fungal diseases Saprolegniasis (21).jpg
Fungal diseases Saprolegniasis,Fungal diseases Saprolegniasis (22).jpg,SB-FishDisease\Fungal diseases Saprolegniasis\Fungal diseases Saprolegniasis (22).jpg
Fungal diseases Saprolegniasis,Fungal diseases Saprolegniasis (23).jpg,SB-FishDisease\Fungal diseases Saprolegniasis\Fungal diseases Saprolegniasis (23).jpg
Fungal diseases Saprolegniasis,Fungal diseases Saprolegniasis (24).jpg,SB-FishDisease\Fungal diseases Saprolegniasis\Fungal diseases Saprolegniasis (24).jpg
Fungal diseases Saprolegniasis,Fungal diseases Saprolegniasis (25).jpg,SB-FishDisease\Fungal diseases Saprolegniasis\Fungal diseases Saprolegniasis (25).jpg
Fungal diseases Saprolegniasis,Fungal diseases Saprolegniasis (26).jpg,SB-FishDisease\Fungal diseases Saprolegniasis\Fungal diseases Saprolegniasis (26).jpg
Fungal diseases Saprolegniasis,Fungal diseases Saprolegniasis (27).jpg,SB-FishDisease\Fungal diseases Saprolegniasis\Fungal diseases Saprolegniasis (27).jpg
Fungal diseases Saprolegniasis,Fungal diseases Saprolegniasis (28).jpg,SB-FishDisease\Fungal diseases Saprolegniasis\Fungal diseases Saprolegniasis (28).jpg
Fungal diseases Saprolegniasis,Fungal diseases Saprolegniasis (29).jpg,SB-FishDisease\Fungal diseases Saprolegniasis\Fungal diseases Saprolegniasis (29).jpg
Fungal diseases Saprolegniasis,Fungal diseases Saprolegniasis (3).jpeg,SB-FishDisease\Fungal diseases Saprolegniasis\Fungal diseases Saprolegniasis (3).jpeg
Fungal diseases Saprolegniasis,Fungal diseases Saprolegniasis (3).jpg,SB-FishDisease\Fungal diseases Saprolegniasis\Fungal diseases Saprolegniasis (3).jpg
Fungal diseases Saprolegniasis,Fungal diseases Saprolegniasis (3).png,SB-FishDisease\Fungal diseases Saprolegniasis\Fungal diseases Saprolegniasis (3).png
Fungal diseases Saprolegniasis,Fungal diseases Saprolegniasis (30).jpg,SB-FishDisease\Fungal diseases Saprolegniasis\Fungal diseases Saprolegniasis (30).jpg
Fungal diseases Saprolegniasis,Fungal diseases Saprolegniasis (31).jpg,SB-FishDisease\Fungal diseases Saprolegniasis\Fungal diseases Saprolegniasis (31).jpg
Fungal diseases Saprolegniasis,Fungal diseases Saprolegniasis (32).jpg,SB-FishDisease\Fungal diseases Saprolegniasis\Fungal diseases Saprolegniasis (32).jpg
Fungal diseases Saprolegniasis,Fungal diseases Saprolegniasis (33).jpg,SB-FishDisease\Fungal diseases Saprolegniasis\Fungal diseases Saprolegniasis (33).jpg
Fungal diseases Saprolegniasis,Fungal diseases Saprolegniasis (4).jpeg,SB-FishDisease\Fungal diseases Saprolegniasis\Fungal diseases Saprolegniasis (4).jpeg
Fungal diseases Saprolegniasis,Fungal diseases Saprolegniasis (4).jpg,SB-FishDisease\Fungal diseases Saprolegniasis\Fungal diseases Saprolegniasis (4).jpg
Fungal diseases Saprolegniasis,Fungal diseases Saprolegniasis (5).jpeg,SB-FishDisease\Fungal diseases Saprolegniasis\Fungal diseases Saprolegniasis (5).jpeg
Fungal diseases Saprolegniasis,Fungal diseases Saprolegniasis (5).jpg,SB-FishDisease\Fungal diseases Saprolegniasis\Fungal diseases Saprolegniasis (5).jpg
Fungal diseases Saprolegniasis,Fungal diseases Saprolegniasis (6).jpeg,SB-FishDisease\Fungal diseases Saprolegniasis\Fungal diseases Saprolegniasis (6).jpeg
Fungal diseases Saprolegniasis,Fungal diseases Saprolegniasis (6).jpg,SB-FishDisease\Fungal diseases Saprolegniasis\Fungal diseases Saprolegniasis (6).jpg
Fungal diseases Saprolegniasis,Fungal diseases Saprolegniasis (7).jpeg,SB-FishDisease\Fungal diseases Saprolegniasis\Fungal diseases Saprolegniasis (7).jpeg
Fungal diseases Saprolegniasis,Fungal diseases Saprolegniasis (7).jpg,SB-FishDisease\Fungal diseases Saprolegniasis\Fungal diseases Saprolegniasis (7).jpg
Fungal diseases Saprolegniasis,Fungal diseases Saprolegniasis (8).jpeg,SB-FishDisease\Fungal diseases Saprolegniasis\Fungal diseases Saprolegniasis (8).jpeg
Fungal diseases Saprolegniasis,Fungal diseases Saprolegniasis (8).jpg,SB-FishDisease\Fungal diseases Saprolegniasis\Fungal diseases Saprolegniasis (8).jpg
Fungal diseases Saprolegniasis,Fungal diseases Saprolegniasis (9).jpeg,SB-FishDisease\Fungal diseases Saprolegniasis\Fungal diseases Saprolegniasis (9).jpeg
Fungal diseases Saprolegniasis,Fungal diseases Saprolegniasis (9).jpg,SB-FishDisease\Fungal diseases Saprolegniasis\Fungal diseases Saprolegniasis (9).jpg
Healthy Fish,Healthy Fish (1).jpeg,SB-FishDisease\Healthy Fish\Healthy Fish (1).jpeg
Healthy Fish,Healthy Fish (1).jpg,SB-FishDisease\Healthy Fish\Healthy Fish (1).jpg
Healthy Fish,Healthy Fish (1).png,SB-FishDisease\Healthy Fish\Healthy Fish (1).png
Healthy Fish,Healthy Fish (10).jpeg,SB-FishDisease\Healthy Fish\Healthy Fish (10).jpeg
Healthy Fish,Healthy Fish (10).jpg,SB-FishDisease\Healthy Fish\Healthy Fish (10).jpg
Healthy Fish,Healthy Fish (100).jpg,SB-FishDisease\Healthy Fish\Healthy Fish (100).jpg
Healthy Fish,Healthy Fish (101).jpg,SB-FishDisease\Healthy Fish\Healthy Fish (101).jpg
Healthy Fish,Healthy Fish (102).jpg,SB-FishDisease\Healthy Fish\Healthy Fish (102).jpg
Healthy Fish,Healthy Fish (103).jpg,SB-FishDisease\Healthy Fish\Healthy Fish (103).jpg
Healthy Fish,Healthy Fish (104).jpg,SB-FishDisease\Healthy Fish\Healthy Fish (104).jpg
Healthy Fish,Healthy Fish (105).jpg,SB-FishDisease\Healthy Fish\Healthy Fish (105).jpg
Healthy Fish,Healthy Fish (106).jpg,SB-FishDisease\Healthy Fish\Healthy Fish (106).jpg
Healthy Fish,Healthy Fish (107).jpg,SB-FishDisease\Healthy Fish\Healthy Fish (107).jpg
Healthy Fish,Healthy Fish (108).jpg,SB-FishDisease\Healthy Fish\Healthy Fish (108).jpg
Healthy Fish,Healthy Fish (109).jpg,SB-FishDisease\Healthy Fish\Healthy Fish (109).jpg
Healthy Fish,Healthy Fish (11).jpeg,SB-FishDisease\Healthy Fish\Healthy Fish (11).jpeg
Healthy Fish,Healthy Fish (11).jpg,SB-FishDisease\Healthy Fish\Healthy Fish (11).jpg
Healthy Fish,Healthy Fish (110).jpg,SB-FishDisease\Healthy Fish\Healthy Fish (110).jpg
Healthy Fish,Healthy Fish (111).jpg,SB-FishDisease\Healthy Fish\Healthy Fish (111).jpg
Healthy Fish,Healthy Fish (112).jpg,SB-FishDisease\Healthy Fish\Healthy Fish (112).jpg
Healthy Fish,Healthy Fish (113).jpg,SB-FishDisease\Healthy Fish\Healthy Fish (113).jpg
Healthy Fish,Healthy Fish (114).jpg,SB-FishDisease\Healthy Fish\Healthy Fish (114).jpg
Healthy Fish,Healthy Fish (115).jpg,SB-FishDisease\Healthy Fish\Healthy Fish (115).jpg
Healthy Fish,Healthy Fish (116).jpg,SB-FishDisease\Healthy Fish\Healthy Fish (116).jpg
Healthy Fish,Healthy Fish (117).jpg,SB-FishDisease\Healthy Fish\Healthy Fish (117).jpg
Healthy Fish,Healthy Fish (118).jpg,SB-FishDisease\Healthy Fish\Healthy Fish (118).jpg
Healthy Fish,Healthy Fish (119).jpg,SB-FishDisease\Healthy Fish\Healthy Fish (119).jpg
Healthy Fish,Healthy Fish (12).jpeg,SB-FishDisease\Healthy Fish\Healthy Fish (12).jpeg
Healthy Fish,Healthy Fish (12).jpg,SB-FishDisease\Healthy Fish\Healthy Fish (12).jpg
Healthy Fish,Healthy Fish (120).jpg,SB-FishDisease\Healthy Fish\Healthy Fish (120).jpg
Healthy Fish,Healthy Fish (121).jpg,SB-FishDisease\Healthy Fish\Healthy Fish (121).jpg
Healthy Fish,Healthy Fish (122).jpg,SB-FishDisease\Healthy Fish\Healthy Fish (122).jpg
Healthy Fish,Healthy Fish (123).jpg,SB-FishDisease\Healthy Fish\Healthy Fish (123).jpg
Healthy Fish,Healthy Fish (124).jpg,SB-FishDisease\Healthy Fish\Healthy Fish (124).jpg
Healthy Fish,Healthy Fish (125).jpg,SB-FishDisease\Healthy Fish\Healthy Fish (125).jpg
Healthy Fish,Healthy Fish (126).jpg,SB-FishDisease\Healthy Fish\Healthy Fish (126).jpg
Healthy Fish,Healthy Fish (127).jpg,SB-FishDisease\Healthy Fish\Healthy Fish (127).jpg
Healthy Fish,Healthy Fish (128).jpg,SB-FishDisease\Healthy Fish\Healthy Fish (128).jpg
Healthy Fish,Healthy Fish (129).jpg,SB-FishDisease\Healthy Fish\Healthy Fish (129).jpg
Healthy Fish,Healthy Fish (13).jpeg,SB-FishDisease\Healthy Fish\Healthy Fish (13).jpeg
Healthy Fish,Healthy Fish (13).jpg,SB-FishDisease\Healthy Fish\Healthy Fish (13).jpg
Healthy Fish,Healthy Fish (130).jpg,SB-FishDisease\Healthy Fish\Healthy Fish (130).jpg
Healthy Fish,Healthy Fish (131).jpg,SB-FishDisease\Healthy Fish\Healthy Fish (131).jpg
Healthy Fish,Healthy Fish (132).jpg,SB-FishDisease\Healthy Fish\Healthy Fish (132).jpg
Healthy Fish,Healthy Fish (134).jpg,SB-FishDisease\Healthy Fish\Healthy Fish (134).jpg
Healthy Fish,Healthy Fish (135).jpg,SB-FishDisease\Healthy Fish\Healthy Fish (135).jpg
Healthy Fish,Healthy Fish (136).jpg,SB-FishDisease\Healthy Fish\Healthy Fish (136).jpg
Healthy Fish,Healthy Fish (137).jpg,SB-FishDisease\Healthy Fish\Healthy Fish (137).jpg
Healthy Fish,Healthy Fish (138).jpg,SB-FishDisease\Healthy Fish\Healthy Fish (138).jpg
Healthy Fish,Healthy Fish (139).jpg,SB-FishDisease\Healthy Fish\Healthy Fish (139).jpg
Healthy Fish,Healthy Fish (14).jpeg,SB-FishDisease\Healthy Fish\Healthy Fish (14).jpeg
Healthy Fish,Healthy Fish (14).jpg,SB-FishDisease\Healthy Fish\Healthy Fish (14).jpg
Healthy Fish,Healthy Fish (140).jpg,SB-FishDisease\Healthy Fish\Healthy Fish (140).jpg
Healthy Fish,Healthy Fish (141).jpg,SB-FishDisease\Healthy Fish\Healthy Fish (141).jpg
Healthy Fish,Healthy Fish (142).jpg,SB-FishDisease\Healthy Fish\Healthy Fish (142).jpg
Healthy Fish,Healthy Fish (143).jpg,SB-FishDisease\Healthy Fish\Healthy Fish (143).jpg
Healthy Fish,Healthy Fish (144).jpg,SB-FishDisease\Healthy Fish\Healthy Fish (144).jpg
Healthy Fish,Healthy Fish (145).jpg,SB-FishDisease\Healthy Fish\Healthy Fish (145).jpg
Healthy Fish,Healthy Fish (146).jpg,SB-FishDisease\Healthy Fish\Healthy Fish (146).jpg
Healthy Fish,Healthy Fish (147).jpg,SB-FishDisease\Healthy Fish\Healthy Fish (147).jpg
Healthy Fish,Healthy Fish (148).jpg,SB-FishDisease\Healthy Fish\Healthy Fish (148).jpg
Healthy Fish,Healthy Fish (149).jpg,SB-FishDisease\Healthy Fish\Healthy Fish (149).jpg
Healthy Fish,Healthy Fish (15).jpeg,SB-FishDisease\Healthy Fish\Healthy Fish (15).jpeg
Healthy Fish,Healthy Fish (15).jpg,SB-FishDisease\Healthy Fish\Healthy Fish (15).jpg
Healthy Fish,Healthy Fish (150).jpg,SB-FishDisease\Healthy Fish\Healthy Fish (150).jpg
Healthy Fish,Healthy Fish (151).jpg,SB-FishDisease\Healthy Fish\Healthy Fish (151).jpg
Healthy Fish,Healthy Fish (152).jpg,SB-FishDisease\Healthy Fish\Healthy Fish (152).jpg
Healthy Fish,Healthy Fish (153).jpg,SB-FishDisease\Healthy Fish\Healthy Fish (153).jpg
Healthy Fish,Healthy Fish (154).jpg,SB-FishDisease\Healthy Fish\Healthy Fish (154).jpg
Healthy Fish,Healthy Fish (155).jpg,SB-FishDisease\Healthy Fish\Healthy Fish (155).jpg
Healthy Fish,Healthy Fish (156).jpg,SB-FishDisease\Healthy Fish\Healthy Fish (156).jpg
Healthy Fish,Healthy Fish (157).jpg,SB-FishDisease\Healthy Fish\Healthy Fish (157).jpg
Healthy Fish,Healthy Fish (158).jpg,SB-FishDisease\Healthy Fish\Healthy Fish (158).jpg
Healthy Fish,Healthy Fish (159).jpg,SB-FishDisease\Healthy Fish\Healthy Fish (159).jpg
Healthy Fish,Healthy Fish (16).jpeg,SB-FishDisease\Healthy Fish\Healthy Fish (16).jpeg
Healthy Fish,Healthy Fish (16).jpg,SB-FishDisease\Healthy Fish\Healthy Fish (16).jpg
Healthy Fish,Healthy Fish (160).jpg,SB-FishDisease\Healthy Fish\Healthy Fish (160).jpg
Healthy Fish,Healthy Fish (161).jpg,SB-FishDisease\Healthy Fish\Healthy Fish (161).jpg
Healthy Fish,Healthy Fish (162).jpg,SB-FishDisease\Healthy Fish\Healthy Fish (162).jpg
Healthy Fish,Healthy Fish (163).jpg,SB-FishDisease\Healthy Fish\Healthy Fish (163).jpg
Healthy Fish,Healthy Fish (164).jpg,SB-FishDisease\Healthy Fish\Healthy Fish (164).jpg
Healthy Fish,Healthy Fish (165).jpg,SB-FishDisease\Healthy Fish\Healthy Fish (165).jpg
Healthy Fish,Healthy Fish (166).jpg,SB-FishDisease\Healthy Fish\Healthy Fish (166).jpg
Healthy Fish,Healthy Fish (167).jpg,SB-FishDisease\Healthy Fish\Healthy Fish (167).jpg
Healthy Fish,Healthy Fish (168).jpg,SB-FishDisease\Healthy Fish\Healthy Fish (168).jpg
Healthy Fish,Healthy Fish (169).jpg,SB-FishDisease\Healthy Fish\Healthy Fish (169).jpg
Healthy Fish,Healthy Fish (17).jpeg,SB-FishDisease\Healthy Fish\Healthy Fish (17).jpeg
Healthy Fish,Healthy Fish (17).jpg,SB-FishDisease\Healthy Fish\Healthy Fish (17).jpg
Healthy Fish,Healthy Fish (170).jpg,SB-FishDisease\Healthy Fish\Healthy Fish (170).jpg
Healthy Fish,Healthy Fish (171).jpg,SB-FishDisease\Healthy Fish\Healthy Fish (171).jpg
Healthy Fish,Healthy Fish (172).jpg,SB-FishDisease\Healthy Fish\Healthy Fish (172).jpg
Healthy Fish,Healthy Fish (173).jpg,SB-FishDisease\Healthy Fish\Healthy Fish (173).jpg
Healthy Fish,Healthy Fish (175).jpg,SB-FishDisease\Healthy Fish\Healthy Fish (175).jpg
Healthy Fish,Healthy Fish (176).jpg,SB-FishDisease\Healthy Fish\Healthy Fish (176).jpg
Healthy Fish,Healthy Fish (177).jpg,SB-FishDisease\Healthy Fish\Healthy Fish (177).jpg
Healthy Fish,Healthy Fish (178).jpg,SB-FishDisease\Healthy Fish\Healthy Fish (178).jpg
Healthy Fish,Healthy Fish (179).jpg,SB-FishDisease\Healthy Fish\Healthy Fish (179).jpg
Healthy Fish,Healthy Fish (18).jpeg,SB-FishDisease\Healthy Fish\Healthy Fish (18).jpeg
Healthy Fish,Healthy Fish (18).jpg,SB-FishDisease\Healthy Fish\Healthy Fish (18).jpg
Healthy Fish,Healthy Fish (181).jpg,SB-FishDisease\Healthy Fish\Healthy Fish (181).jpg
Healthy Fish,Healthy Fish (182).jpg,SB-FishDisease\Healthy Fish\Healthy Fish (182).jpg
Healthy Fish,Healthy Fish (183).jpg,SB-FishDisease\Healthy Fish\Healthy Fish (183).jpg
Healthy Fish,Healthy Fish (184).jpg,SB-FishDisease\Healthy Fish\Healthy Fish (184).jpg
Healthy Fish,Healthy Fish (185).jpg,SB-FishDisease\Healthy Fish\Healthy Fish (185).jpg
Healthy Fish,Healthy Fish (186).jpg,SB-FishDisease\Healthy Fish\Healthy Fish (186).jpg
Healthy Fish,Healthy Fish (187).jpg,SB-FishDisease\Healthy Fish\Healthy Fish (187).jpg
Healthy Fish,Healthy Fish (188).jpg,SB-FishDisease\Healthy Fish\Healthy Fish (188).jpg
Healthy Fish,Healthy Fish (19).jpeg,SB-FishDisease\Healthy Fish\Healthy Fish (19).jpeg
Healthy Fish,Healthy Fish (19).jpg,SB-FishDisease\Healthy Fish\Healthy Fish (19).jpg
Healthy Fish,Healthy Fish (2).jpeg,SB-FishDisease\Healthy Fish\Healthy Fish (2).jpeg
Healthy Fish,Healthy Fish (2).jpg,SB-FishDisease\Healthy Fish\Healthy Fish (2).jpg
Healthy Fish,Healthy Fish (2).png,SB-FishDisease\Healthy Fish\Healthy Fish (2).png
Healthy Fish,Healthy Fish (20).jpeg,SB-FishDisease\Healthy Fish\Healthy Fish (20).jpeg
Healthy Fish,Healthy Fish (20).jpg,SB-FishDisease\Healthy Fish\Healthy Fish (20).jpg
Healthy Fish,Healthy Fish (21).jpeg,SB-FishDisease\Healthy Fish\Healthy Fish (21).jpeg
Healthy Fish,Healthy Fish (21).jpg,SB-FishDisease\Healthy Fish\Healthy Fish (21).jpg
Healthy Fish,Healthy Fish (22).jpeg,SB-FishDisease\Healthy Fish\Healthy Fish (22).jpeg
Healthy Fish,Healthy Fish (22).jpg,SB-FishDisease\Healthy Fish\Healthy Fish (22).jpg
Healthy Fish,Healthy Fish (23).jpeg,SB-FishDisease\Healthy Fish\Healthy Fish (23).jpeg
Healthy Fish,Healthy Fish (23).jpg,SB-FishDisease\Healthy Fish\Healthy Fish (23).jpg
Healthy Fish,Healthy Fish (24).jpeg,SB-FishDisease\Healthy Fish\Healthy Fish (24).jpeg
Healthy Fish,Healthy Fish (24).jpg,SB-FishDisease\Healthy Fish\Healthy Fish (24).jpg
Healthy Fish,Healthy Fish (25).jpeg,SB-FishDisease\Healthy Fish\Healthy Fish (25).jpeg
Healthy Fish,Healthy Fish (25).jpg,SB-FishDisease\Healthy Fish\Healthy Fish (25).jpg
Healthy Fish,Healthy Fish (26).jpeg,SB-FishDisease\Healthy Fish\Healthy Fish (26).jpeg
Healthy Fish,Healthy Fish (26).jpg,SB-FishDisease\Healthy Fish\Healthy Fish (26).jpg
Healthy Fish,Healthy Fish (27).jpeg,SB-FishDisease\Healthy Fish\Healthy Fish (27).jpeg
Healthy Fish,Healthy Fish (27).jpg,SB-FishDisease\Healthy Fish\Healthy Fish (27).jpg
Healthy Fish,Healthy Fish (28).jpeg,SB-FishDisease\Healthy Fish\Healthy Fish (28).jpeg
Healthy Fish,Healthy Fish (28).jpg,SB-FishDisease\Healthy Fish\Healthy Fish (28).jpg
Healthy Fish,Healthy Fish (29).jpg,SB-FishDisease\Healthy Fish\Healthy Fish (29).jpg
Healthy Fish,Healthy Fish (3).jpeg,SB-FishDisease\Healthy Fish\Healthy Fish (3).jpeg
Healthy Fish,Healthy Fish (3).jpg,SB-FishDisease\Healthy Fish\Healthy Fish (3).jpg
Healthy Fish,Healthy Fish (3).png,SB-FishDisease\Healthy Fish\Healthy Fish (3).png
Healthy Fish,Healthy Fish (30).jpeg,SB-FishDisease\Healthy Fish\Healthy Fish (30).jpeg
Healthy Fish,Healthy Fish (30).jpg,SB-FishDisease\Healthy Fish\Healthy Fish (30).jpg
Healthy Fish,Healthy Fish (31).jpg,SB-FishDisease\Healthy Fish\Healthy Fish (31).jpg
Healthy Fish,Healthy Fish (32).jpg,SB-FishDisease\Healthy Fish\Healthy Fish (32).jpg
Healthy Fish,Healthy Fish (33).jpg,SB-FishDisease\Healthy Fish\Healthy Fish (33).jpg
Healthy Fish,Healthy Fish (34).jpg,SB-FishDisease\Healthy Fish\Healthy Fish (34).jpg
Healthy Fish,Healthy Fish (35).jpg,SB-FishDisease\Healthy Fish\Healthy Fish (35).jpg
Healthy Fish,Healthy Fish (36).jpg,SB-FishDisease\Healthy Fish\Healthy Fish (36).jpg
Healthy Fish,Healthy Fish (37).jpg,SB-FishDisease\Healthy Fish\Healthy Fish (37).jpg
Healthy Fish,Healthy Fish (38).jpg,SB-FishDisease\Healthy Fish\Healthy Fish (38).jpg
Healthy Fish,Healthy Fish (39).jpg,SB-FishDisease\Healthy Fish\Healthy Fish (39).jpg
Healthy Fish,Healthy Fish (4).jpeg,SB-FishDisease\Healthy Fish\Healthy Fish (4).jpeg
Healthy Fish,Healthy Fish (4).jpg,SB-FishDisease\Healthy Fish\Healthy Fish (4).jpg
Healthy Fish,Healthy Fish (4).png,SB-FishDisease\Healthy Fish\Healthy Fish (4).png
Healthy Fish,Healthy Fish (40).jpg,SB-FishDisease\Healthy Fish\Healthy Fish (40).jpg
Healthy Fish,Healthy Fish (41).jpg,SB-FishDisease\Healthy Fish\Healthy Fish (41).jpg
Healthy Fish,Healthy Fish (42).jpg,SB-FishDisease\Healthy Fish\Healthy Fish (42).jpg
Healthy Fish,Healthy Fish (43).jpg,SB-FishDisease\Healthy Fish\Healthy Fish (43).jpg
Healthy Fish,Healthy Fish (44).jpg,SB-FishDisease\Healthy Fish\Healthy Fish (44).jpg
Healthy Fish,Healthy Fish (45).jpg,SB-FishDisease\Healthy Fish\Healthy Fish (45).jpg
Healthy Fish,Healthy Fish (46).jpg,SB-FishDisease\Healthy Fish\Healthy Fish (46).jpg
Healthy Fish,Healthy Fish (47).jpg,SB-FishDisease\Healthy Fish\Healthy Fish (47).jpg
Healthy Fish,Healthy Fish (48).jpg,SB-FishDisease\Healthy Fish\Healthy Fish (48).jpg
Healthy Fish,Healthy Fish (49).jpg,SB-FishDisease\Healthy Fish\Healthy Fish (49).jpg
Healthy Fish,Healthy Fish (5).jpeg,SB-FishDisease\Healthy Fish\Healthy Fish (5).jpeg
Healthy Fish,Healthy Fish (5).jpg,SB-FishDisease\Healthy Fish\Healthy Fish (5).jpg
Healthy Fish,Healthy Fish (5).png,SB-FishDisease\Healthy Fish\Healthy Fish (5).png
Healthy Fish,Healthy Fish (50).jpg,SB-FishDisease\Healthy Fish\Healthy Fish (50).jpg
Healthy Fish,Healthy Fish (51).jpg,SB-FishDisease\Healthy Fish\Healthy Fish (51).jpg
Healthy Fish,Healthy Fish (52).jpg,SB-FishDisease\Healthy Fish\Healthy Fish (52).jpg
Healthy Fish,Healthy Fish (53).jpg,SB-FishDisease\Healthy Fish\Healthy Fish (53).jpg
Healthy Fish,Healthy Fish (54).jpg,SB-FishDisease\Healthy Fish\Healthy Fish (54).jpg
Healthy Fish,Healthy Fish (55).jpg,SB-FishDisease\Healthy Fish\Healthy Fish (55).jpg
Healthy Fish,Healthy Fish (56).jpg,SB-FishDisease\Healthy Fish\Healthy Fish (56).jpg
Healthy Fish,Healthy Fish (57).jpg,SB-FishDisease\Healthy Fish\Healthy Fish (57).jpg
Healthy Fish,Healthy Fish (58).jpg,SB-FishDisease\Healthy Fish\Healthy Fish (58).jpg
Healthy Fish,Healthy Fish (59).jpg,SB-FishDisease\Healthy Fish\Healthy Fish (59).jpg
Healthy Fish,Healthy Fish (6).jpeg,SB-FishDisease\Healthy Fish\Healthy Fish (6).jpeg
Healthy Fish,Healthy Fish (6).jpg,SB-FishDisease\Healthy Fish\Healthy Fish (6).jpg
Healthy Fish,Healthy Fish (60).jpg,SB-FishDisease\Healthy Fish\Healthy Fish (60).jpg
Healthy Fish,Healthy Fish (61).jpg,SB-FishDisease\Healthy Fish\Healthy Fish (61).jpg
Healthy Fish,Healthy Fish (62).jpg,SB-FishDisease\Healthy Fish\Healthy Fish (62).jpg
Healthy Fish,Healthy Fish (63).jpg,SB-FishDisease\Healthy Fish\Healthy Fish (63).jpg
Healthy Fish,Healthy Fish (64).jpg,SB-FishDisease\Healthy Fish\Healthy Fish (64).jpg
Healthy Fish,Healthy Fish (65).jpg,SB-FishDisease\Healthy Fish\Healthy Fish (65).jpg
Healthy Fish,Healthy Fish (66).jpg,SB-FishDisease\Healthy Fish\Healthy Fish (66).jpg
Healthy Fish,Healthy Fish (67).jpg,SB-FishDisease\Healthy Fish\Healthy Fish (67).jpg
Healthy Fish,Healthy Fish (68).jpg,SB-FishDisease\Healthy Fish\Healthy Fish (68).jpg
Healthy Fish,Healthy Fish (69).jpg,SB-FishDisease\Healthy Fish\Healthy Fish (69).jpg
Healthy Fish,Healthy Fish (7).jpeg,SB-FishDisease\Healthy Fish\Healthy Fish (7).jpeg
Healthy Fish,Healthy Fish (7).jpg,SB-FishDisease\Healthy Fish\Healthy Fish (7).jpg
Healthy Fish,Healthy Fish (7).png,SB-FishDisease\Healthy Fish\Healthy Fish (7).png
Healthy Fish,Healthy Fish (70).jpg,SB-FishDisease\Healthy Fish\Healthy Fish (70).jpg
Healthy Fish,Healthy Fish (71).jpg,SB-FishDisease\Healthy Fish\Healthy Fish (71).jpg
Healthy Fish,Healthy Fish (72).jpg,SB-FishDisease\Healthy Fish\Healthy Fish (72).jpg
Healthy Fish,Healthy Fish (73).jpg,SB-FishDisease\Healthy Fish\Healthy Fish (73).jpg
Healthy Fish,Healthy Fish (74).jpg,SB-FishDisease\Healthy Fish\Healthy Fish (74).jpg
Healthy Fish,Healthy Fish (75).jpg,SB-FishDisease\Healthy Fish\Healthy Fish (75).jpg
Healthy Fish,Healthy Fish (76).jpg,SB-FishDisease\Healthy Fish\Healthy Fish (76).jpg
Healthy Fish,Healthy Fish (77).jpg,SB-FishDisease\Healthy Fish\Healthy Fish (77).jpg
Healthy Fish,Healthy Fish (78).jpg,SB-FishDisease\Healthy Fish\Healthy Fish (78).jpg
Healthy Fish,Healthy Fish (79).jpg,SB-FishDisease\Healthy Fish\Healthy Fish (79).jpg
Healthy Fish,Healthy Fish (8).jpeg,SB-FishDisease\Healthy Fish\Healthy Fish (8).jpeg
Healthy Fish,Healthy Fish (8).jpg,SB-FishDisease\Healthy Fish\Healthy Fish (8).jpg
Healthy Fish,Healthy Fish (80).jpg,SB-FishDisease\Healthy Fish\Healthy Fish (80).jpg
Healthy Fish,Healthy Fish (81).jpg,SB-FishDisease\Healthy Fish\Healthy Fish (81).jpg
Healthy Fish,Healthy Fish (82).jpg,SB-FishDisease\Healthy Fish\Healthy Fish (82).jpg
Healthy Fish,Healthy Fish (83).jpg,SB-FishDisease\Healthy Fish\Healthy Fish (83).jpg
Healthy Fish,Healthy Fish (84).jpg,SB-FishDisease\Healthy Fish\Healthy Fish (84).jpg
Healthy Fish,Healthy Fish (85).jpg,SB-FishDisease\Healthy Fish\Healthy Fish (85).jpg
Healthy Fish,Healthy Fish (86).jpg,SB-FishDisease\Healthy Fish\Healthy Fish (86).jpg
Healthy Fish,Healthy Fish (87).jpg,SB-FishDisease\Healthy Fish\Healthy Fish (87).jpg
Healthy Fish,Healthy Fish (88).jpg,SB-FishDisease\Healthy Fish\Healthy Fish (88).jpg
Healthy Fish,Healthy Fish (89).jpg,SB-FishDisease\Healthy Fish\Healthy Fish (89).jpg
Healthy Fish,Healthy Fish (9).jpeg,SB-FishDisease\Healthy Fish\Healthy Fish (9).jpeg
Healthy Fish,Healthy Fish (9).jpg,SB-FishDisease\Healthy Fish\Healthy Fish (9).jpg
Healthy Fish,Healthy Fish (90).jpg,SB-FishDisease\Healthy Fish\Healthy Fish (90).jpg
Healthy Fish,Healthy Fish (91).jpg,SB-FishDisease\Healthy Fish\Healthy Fish (91).jpg
Healthy Fish,Healthy Fish (92).jpg,SB-FishDisease\Healthy Fish\Healthy Fish (92).jpg
Healthy Fish,Healthy Fish (93).jpg,SB-FishDisease\Healthy Fish\Healthy Fish (93).jpg
Healthy Fish,Healthy Fish (94).jpg,SB-FishDisease\Healthy Fish\Healthy Fish (94).jpg
Healthy Fish,Healthy Fish (95).jpg,SB-FishDisease\Healthy Fish\Healthy Fish (95).jpg
Healthy Fish,Healthy Fish (96).jpg,SB-FishDisease\Healthy Fish\Healthy Fish (96).jpg
Healthy Fish,Healthy Fish (97).jpg,SB-FishDisease\Healthy Fish\Healthy Fish (97).jpg
Healthy Fish,Healthy Fish (98).jpg,SB-FishDisease\Healthy Fish\Healthy Fish (98).jpg
Healthy Fish,Healthy Fish (99).jpg,SB-FishDisease\Healthy Fish\Healthy Fish (99).jpg
Parasitic diseases,Parasitic diseases (1).jpeg,SB-FishDisease\Parasitic diseases\Parasitic diseases (1).jpeg
Parasitic diseases,Parasitic diseases (1).jpg,SB-FishDisease\Parasitic diseases\Parasitic diseases (1).jpg
Parasitic diseases,Parasitic diseases (1).png,SB-FishDisease\Parasitic diseases\Parasitic diseases (1).png
Parasitic diseases,Parasitic diseases (10).jpeg,SB-FishDisease\Parasitic diseases\Parasitic diseases (10).jpeg
Parasitic diseases,Parasitic diseases (10).jpg,SB-FishDisease\Parasitic diseases\Parasitic diseases (10).jpg
Parasitic diseases,Parasitic diseases (11).jpeg,SB-FishDisease\Parasitic diseases\Parasitic diseases (11).jpeg
Parasitic diseases,Parasitic diseases (11).jpg,SB-FishDisease\Parasitic diseases\Parasitic diseases (11).jpg
Parasitic diseases,Parasitic diseases (12).jpg,SB-FishDisease\Parasitic diseases\Parasitic diseases (12).jpg
Parasitic diseases,Parasitic diseases (13).jpg,SB-FishDisease\Parasitic diseases\Parasitic diseases (13).jpg
Parasitic diseases,Parasitic diseases (14).jpg,SB-FishDisease\Parasitic diseases\Parasitic diseases (14).jpg
Parasitic diseases,Parasitic diseases (15).jpg,SB-FishDisease\Parasitic diseases\Parasitic diseases (15).jpg
Parasitic diseases,Parasitic diseases (16).jpg,SB-FishDisease\Parasitic diseases\Parasitic diseases (16).jpg
Parasitic diseases,Parasitic diseases (17).jpg,SB-FishDisease\Parasitic diseases\Parasitic diseases (17).jpg
Parasitic diseases,Parasitic diseases (18).jpg,SB-FishDisease\Parasitic diseases\Parasitic diseases (18).jpg
Parasitic diseases,Parasitic diseases (19).jpg,SB-FishDisease\Parasitic diseases\Parasitic diseases (19).jpg
Parasitic diseases,Parasitic diseases (2).jpeg,SB-FishDisease\Parasitic diseases\Parasitic diseases (2).jpeg
Parasitic diseases,Parasitic diseases (2).jpg,SB-FishDisease\Parasitic diseases\Parasitic diseases (2).jpg
Parasitic diseases,Parasitic diseases (2).png,SB-FishDisease\Parasitic diseases\Parasitic diseases (2).png
Parasitic diseases,Parasitic diseases (20).jpg,SB-FishDisease\Parasitic diseases\Parasitic diseases (20).jpg
Parasitic diseases,Parasitic diseases (21).jpg,SB-FishDisease\Parasitic diseases\Parasitic diseases (21).jpg
Parasitic diseases,Parasitic diseases (22).jpg,SB-FishDisease\Parasitic diseases\Parasitic diseases (22).jpg
Parasitic diseases,Parasitic diseases (23).jpg,SB-FishDisease\Parasitic diseases\Parasitic diseases (23).jpg
Parasitic diseases,Parasitic diseases (24).jpg,SB-FishDisease\Parasitic diseases\Parasitic diseases (24).jpg
Parasitic diseases,Parasitic diseases (25).jpg,SB-FishDisease\Parasitic diseases\Parasitic diseases (25).jpg
Parasitic diseases,Parasitic diseases (26).jpg,SB-FishDisease\Parasitic diseases\Parasitic diseases (26).jpg
Parasitic diseases,Parasitic diseases (27).jpg,SB-FishDisease\Parasitic diseases\Parasitic diseases (27).jpg
Parasitic diseases,Parasitic diseases (3).jpeg,SB-FishDisease\Parasitic diseases\Parasitic diseases (3).jpeg
Parasitic diseases,Parasitic diseases (3).jpg,SB-FishDisease\Parasitic diseases\Parasitic diseases (3).jpg
Parasitic diseases,Parasitic diseases (4).jpeg,SB-FishDisease\Parasitic diseases\Parasitic diseases (4).jpeg
Parasitic diseases,Parasitic diseases (4).jpg,SB-FishDisease\Parasitic diseases\Parasitic diseases (4).jpg
Parasitic diseases,Parasitic diseases (5).jpeg,SB-FishDisease\Parasitic diseases\Parasitic diseases (5).jpeg
Parasitic diseases,Parasitic diseases (5).jpg,SB-FishDisease\Parasitic diseases\Parasitic diseases (5).jpg
Parasitic diseases,Parasitic diseases (6).jpeg,SB-FishDisease\Parasitic diseases\Parasitic diseases (6).jpeg
Parasitic diseases,Parasitic diseases (6).jpg,SB-FishDisease\Parasitic diseases\Parasitic diseases (6).jpg
Parasitic diseases,Parasitic diseases (7).jpeg,SB-FishDisease\Parasitic diseases\Parasitic diseases (7).jpeg
Parasitic diseases,Parasitic diseases (7).jpg,SB-FishDisease\Parasitic diseases\Parasitic diseases (7).jpg
Parasitic diseases,Parasitic diseases (8).jpeg,SB-FishDisease\Parasitic diseases\Parasitic diseases (8).jpeg
Parasitic diseases,Parasitic diseases (8).jpg,SB-FishDisease\Parasitic diseases\Parasitic diseases (8).jpg
Parasitic diseases,Parasitic diseases (9).jpeg,SB-FishDisease\Parasitic diseases\Parasitic diseases (9).jpeg
Parasitic diseases,Parasitic diseases (9).jpg,SB-FishDisease\Parasitic diseases\Parasitic diseases (9).jpg
Viral diseases White tail disease,Viral diseases White tail disease (1).jpeg,SB-FishDisease\Viral diseases White tail disease\Viral diseases White tail disease (1).jpeg
Viral diseases White tail disease,Viral diseases White tail disease (1).jpg,SB-FishDisease\Viral diseases White tail disease\Viral diseases White tail disease (1).jpg
Viral diseases White tail disease,Viral diseases White tail disease (1).png,SB-FishDisease\Viral diseases White tail disease\Viral diseases White tail disease (1).png
Viral diseases White tail disease,Viral diseases White tail disease (10).jpeg,SB-FishDisease\Viral diseases White tail disease\Viral diseases White tail disease (10).jpeg
Viral diseases White tail disease,Viral diseases White tail disease (10).jpg,SB-FishDisease\Viral diseases White tail disease\Viral diseases White tail disease (10).jpg
Viral diseases White tail disease,Viral diseases White tail disease (11).jpeg,SB-FishDisease\Viral diseases White tail disease\Viral diseases White tail disease (11).jpeg
Viral diseases White tail disease,Viral diseases White tail disease (11).jpg,SB-FishDisease\Viral diseases White tail disease\Viral diseases White tail disease (11).jpg
Viral diseases White tail disease,Viral diseases White tail disease (12).jpg,SB-FishDisease\Viral diseases White tail disease\Viral diseases White tail disease (12).jpg
Viral diseases White tail disease,Viral diseases White tail disease (13).jpg,SB-FishDisease\Viral diseases White tail disease\Viral diseases White tail disease (13).jpg
Viral diseases White tail disease,Viral diseases White tail disease (14).jpg,SB-FishDisease\Viral diseases White tail disease\Viral diseases White tail disease (14).jpg
Viral diseases White tail disease,Viral diseases White tail disease (15).jpg,SB-FishDisease\Viral diseases White tail disease\Viral diseases White tail disease (15).jpg
Viral diseases White tail disease,Viral diseases White tail disease (16).jpg,SB-FishDisease\Viral diseases White tail disease\Viral diseases White tail disease (16).jpg
Viral diseases White tail disease,Viral diseases White tail disease (17).jpg,SB-FishDisease\Viral diseases White tail disease\Viral diseases White tail disease (17).jpg
Viral diseases White tail disease,Viral diseases White tail disease (18).jpg,SB-FishDisease\Viral diseases White tail disease\Viral diseases White tail disease (18).jpg
Viral diseases White tail disease,Viral diseases White tail disease (19).jpg,SB-FishDisease\Viral diseases White tail disease\Viral diseases White tail disease (19).jpg
Viral diseases White tail disease,Viral diseases White tail disease (2).jpeg,SB-FishDisease\Viral diseases White tail disease\Viral diseases White tail disease (2).jpeg
Viral diseases White tail disease,Viral diseases White tail disease (2).jpg,SB-FishDisease\Viral diseases White tail disease\Viral diseases White tail disease (2).jpg
Viral diseases White tail disease,Viral diseases White tail disease (2).png,SB-FishDisease\Viral diseases White tail disease\Viral diseases White tail disease (2).png
Viral diseases White tail disease,Viral diseases White tail disease (20).jpg,SB-FishDisease\Viral diseases White tail disease\Viral diseases White tail disease (20).jpg
Viral diseases White tail disease,Viral diseases White tail disease (21).jpg,SB-FishDisease\Viral diseases White tail disease\Viral diseases White tail disease (21).jpg
Viral diseases White tail disease,Viral diseases White tail disease (22).jpg,SB-FishDisease\Viral diseases White tail disease\Viral diseases White tail disease (22).jpg
Viral diseases White tail disease,Viral diseases White tail disease (23).jpg,SB-FishDisease\Viral diseases White tail disease\Viral diseases White tail disease (23).jpg
Viral diseases White tail disease,Viral diseases White tail disease (24).jpg,SB-FishDisease\Viral diseases White tail disease\Viral diseases White tail disease (24).jpg
Viral diseases White tail disease,Viral diseases White tail disease (25).jpg,SB-FishDisease\Viral diseases White tail disease\Viral diseases White tail disease (25).jpg
Viral diseases White tail disease,Viral diseases White tail disease (26).jpg,SB-FishDisease\Viral diseases White tail disease\Viral diseases White tail disease (26).jpg
Viral diseases White tail disease,Viral diseases White tail disease (27).jpg,SB-FishDisease\Viral diseases White tail disease\Viral diseases White tail disease (27).jpg
Viral diseases White tail disease,Viral diseases White tail disease (28).jpg,SB-FishDisease\Viral diseases White tail disease\Viral diseases White tail disease (28).jpg
Viral diseases White tail disease,Viral diseases White tail disease (29).jpg,SB-FishDisease\Viral diseases White tail disease\Viral diseases White tail disease (29).jpg
Viral diseases White tail disease,Viral diseases White tail disease (3).jpeg,SB-FishDisease\Viral diseases White tail disease\Viral diseases White tail disease (3).jpeg
Viral diseases White tail disease,Viral diseases White tail disease (3).jpg,SB-FishDisease\Viral diseases White tail disease\Viral diseases White tail disease (3).jpg
Viral diseases White tail disease,Viral diseases White tail disease (3).png,SB-FishDisease\Viral diseases White tail disease\Viral diseases White tail disease (3).png
Viral diseases White tail disease,Viral diseases White tail disease (30).jpg,SB-FishDisease\Viral diseases White tail disease\Viral diseases White tail disease (30).jpg
Viral diseases White tail disease,Viral diseases White tail disease (4).jpeg,SB-FishDisease\Viral diseases White tail disease\Viral diseases White tail disease (4).jpeg
Viral diseases White tail disease,Viral diseases White tail disease (4).jpg,SB-FishDisease\Viral diseases White tail disease\Viral diseases White tail disease (4).jpg
Viral diseases White tail disease,Viral diseases White tail disease (4).png,SB-FishDisease\Viral diseases White tail disease\Viral diseases White tail disease (4).png
Viral diseases White tail disease,Viral diseases White tail disease (5).jpeg,SB-FishDisease\Viral diseases White tail disease\Viral diseases White tail disease (5).jpeg
Viral diseases White tail disease,Viral diseases White tail disease (5).jpg,SB-FishDisease\Viral diseases White tail disease\Viral diseases White tail disease (5).jpg
Viral diseases White tail disease,Viral diseases White tail disease (6).jpeg,SB-FishDisease\Viral diseases White tail disease\Viral diseases White tail disease (6).jpeg
Viral diseases White tail disease,Viral diseases White tail disease (6).jpg,SB-FishDisease\Viral diseases White tail disease\Viral diseases White tail disease (6).jpg
Viral diseases White tail disease,Viral diseases White tail disease (7).jpeg,SB-FishDisease\Viral diseases White tail disease\Viral diseases White tail disease (7).jpeg
Viral diseases White tail disease,Viral diseases White tail disease (7).jpg,SB-FishDisease\Viral diseases White tail disease\Viral diseases White tail disease (7).jpg
Viral diseases White tail disease,Viral diseases White tail disease (8).jpeg,SB-FishDisease\Viral diseases White tail disease\Viral diseases White tail disease (8).jpeg
Viral diseases White tail disease,Viral diseases White tail disease (8).jpg,SB-FishDisease\Viral diseases White tail disease\Viral diseases White tail disease (8).jpg
Viral diseases White tail disease,Viral diseases White tail disease (9).jpeg,SB-FishDisease\Viral diseases White tail disease\Viral diseases White tail disease (9).jpeg
Viral diseases White tail disease,Viral diseases White tail disease (9).jpg,SB-FishDisease\Viral diseases White tail disease\Viral diseases White tail disease (9).jpg
